insert into customer values ('GA123456', 'Bob Smith', '111 E. 11 St., Vancouver', '6043121234');
insert into customer values ('GC222222', 'Candace Walters', '222 E. 22 St., Burnaby', '6049875432');
insert into customer values ('BA112345', 'Kara Rops', '333 W. 33 Ave., Richmond', '7781234444');
insert into customer values ('AC123145', 'Alex Mark', '444 E. 4 Ave., Vancouver', '6041111111');
insert into customer values ('FF111111', 'John Smith', '414 E. 26 Ave., Vancouver', '6049898989');
insert into customer values ('GG222222', 'Bob Dylan', '123 E. 26 Ave., Vancouver', '6041412313');
insert into customer values ('HH333333', 'John Lennon', '111 E. 26 Ave., Vancouver', '6049142831');
insert into customer values ('II444444', 'Paul McCartney', '555 E. 26 Ave., Vancouver', '7781913241');
insert into customer values ('JJ555555', 'Ringo Starr', 'Science World, Vancouver', '6044437470');
insert into customer values ('KK666666', 'George Harrison', 'Lionsgate Bridge, Vancouver', '6041114949');
insert into customer values ('LL777777', 'Jesse Pinkman', 'Statue of Liberty, Vancouver', '6043312367');
insert into customer values ('MM888888', 'Walter White', '11 Wall St., Vancouver', '6041919191');
insert into customer values ('OO999999', 'Jim Halpert', '350 Fifth Ave., Vancouver', '6041818181');
insert into customer values ('UU000000', 'Michael Scott', '1600 Pennsylvania Ave., Vancouver', '6041717171');
insert into customer values ('VV123123', 'Dwight Schrute', '221B Baker St., Vancouver', '6041013829');

insert into vehicleType values ('Economy', 'Auto lock', 300, 50, 10, 200, 40, 5, 2);
insert into vehicleType values ('Compact', 'AC', 200, 30, 5, 200, 40, 5, 2);
insert into vehicleType values ('Mid-size', 'Heated seat', 350, 55, 12, 200, 40, 5, 2);
insert into vehicleType values ('Standard', 'Heated seat', 400, 60, 15, 200, 40, 5, 2);
insert into vehicleType values ('Full-size', 'Leather seat', 450, 65, 20, 300, 50, 10, 2.5);
insert into vehicleType values ('SUV', 'Big trunk size', 500, 70, 25, 350, 60, 15, 3);
insert into vehicleType values ('Truck', 'Cargo space', 550, 80, 30, 400, 70, 20, 3.5);

insert into vehicle values (1, '111AAA', 'Honda', 'Civic', 2001, 11111, 'Available', 'Compact', 'Vancouver', 'Vancouver');
insert into vehicle values (2, '222BBB', 'Toyota', 'Corolla', 2002, 22222, 'Available', 'Mid-size', 'Vancouver', 'Vancouver');
insert into vehicle values (3, '333CCC', 'Hyundai', 'Elantra', 2003, 33333, 'Available', 'Compact', 'Vancouver', 'Vancouver');
insert into vehicle values (4, '444DDD', 'Mazda', 'Maxda3', 2004, 44444, 'Available', 'Compact', 'Vancouver', 'Vancouver');
insert into vehicle values (5, '555EEE', 'Mercedes-Benz', 'G-Class', 2005, 55555, 'Available', 'SUV', 'Vancouver', 'Vancouver');
insert into vehicle values (6, '666FFF', 'Ford', 'Mondeo', 2006, 66666, 'Available', 'Standard', 'Vancouver', 'Vancouver');
insert into vehicle values (7, '777GGG', 'Dodge', 'Charger', 2007, 77777, 'Available', 'Full-size', 'Vancouver', 'Vancouver');
insert into vehicle values (8, '111BBB', 'Honda', 'Civic', 2001, 11111, 'Available', 'Compact', 'Vancouver', 'Vancouver');
insert into vehicle values (9, '222CCC', 'Toyota', 'Corolla', 2002, 22222, 'Available', 'Mid-size', 'Vancouver', 'Vancouver');
insert into vehicle values (10, '333DDD', 'Hyundai', 'Elantra', 2003, 33333, 'Available', 'Compact', 'Vancouver', 'Vancouver');
insert into vehicle values (11, '444EEE', 'Mazda', 'Maxda3', 2004, 44444, 'Available', 'Compact', 'Vancouver', 'Vancouver');
insert into vehicle values (12, '555FFF', 'Mercedes-Benz', 'G-Class', 2005, 55555, 'Available', 'SUV', 'Vancouver', 'Vancouver');
insert into vehicle values (13, '666GGG', 'Ford', 'Mondeo', 2006, 66666, 'Available', 'Standard', 'Vancouver', 'Vancouver');
insert into vehicle values (14, '777HHH', 'Dodge', 'Charger', 2007, 77777, 'Available', 'Full-size', 'Vancouver', 'Vancouver');

insert into vehicle values (15, '888III', 'Jeep', 'Gladiator', 2008, 88888, 'Available', 'Truck', 'Surrey', 'Surrey');
insert into vehicle values (16, '999JJJ', 'Nissan', 'Rogue', 2009, 99999, 'Available', 'SUV', 'Surrey', 'Surrey');
insert into vehicle values (17, '000KKK', 'Nissan', 'Rogue', 2009, 99999, 'Available', 'SUV', 'Surrey', 'Surrey');
insert into vehicle values (18, '111LLL', 'Nissan', 'Rogue', 2009, 100, 'Available', 'SUV', 'Surrey', 'Surrey');
insert into vehicle values (19, '222MMM', 'Nissan', 'Rogue', 2009, 200, 'Available', 'SUV', 'Surrey', 'Surrey');
insert into vehicle values (20, '333NNN', 'Nissan', 'Rogue', 2009, 300, 'Available', 'SUV', 'Surrey', 'Surrey');
insert into vehicle values (21, '444OOO', 'Jeep', 'Gladiator', 2009, 100, 'Available', 'Truck', 'Surrey', 'Surrey');
insert into vehicle values (22, '888HHH', 'Jeep', 'Gladiator', 2008, 88888, 'Available', 'Truck', 'Surrey', 'Surrey');
insert into vehicle values (23, '999III', 'Nissan', 'Rogue', 2009, 99999, 'Available', 'SUV', 'Surrey', 'Surrey');
insert into vehicle values (24, '000JJJ', 'Nissan', 'Rogue', 2009, 99999, 'Available', 'SUV', 'Surrey', 'Surrey');
insert into vehicle values (25, '111KKK', 'Nissan', 'Rogue', 2009, 100, 'Available', 'SUV', 'Surrey', 'Surrey');
insert into vehicle values (26, '222LLL', 'Nissan', 'Rogue', 2009, 200, 'Available', 'SUV', 'Surrey', 'Surrey');
insert into vehicle values (27, '333MMM', 'Nissan', 'Rogue', 2009, 300, 'Available', 'SUV', 'Surrey', 'Surrey');
insert into vehicle values (28, '444NNN', 'Jeep', 'Gladiator', 2009, 100, 'Available', 'Truck', 'Surrey', 'Surrey');

insert into vehicle values (29, '555OOO', 'Jeep', 'Gladiator', 2009, 200, 'Available', 'Truck', 'Coquitlam', 'Coquitlam');
insert into vehicle values (30, '666PPP', 'Jeep', 'Gladiator', 2009, 300, 'Available', 'Truck', 'Coquitlam', 'Coquitlam');
insert into vehicle values (31, '777QQQ', 'Toyota', 'Corolla', 2009, 100, 'Available', 'Mid-size', 'Coquitlam', 'Coquitlam');
insert into vehicle values (32, '888RRR', 'Toyota', 'Corolla', 2009, 200, 'Available', 'Mid-size', 'Coquitlam', 'Coquitlam');
insert into vehicle values (33, '888SSS', 'Toyota', 'Corolla', 2009, 300, 'Available', 'Mid-size', 'Coquitlam', 'Coquitlam');
insert into vehicle values (34, '777TTT', 'Toyota', 'Corolla', 2009, 100, 'Available', 'Mid-size', 'Coquitlam', 'Coquitlam');
insert into vehicle values (35, '999UUU', 'Toyota', 'Corolla', 2009, 200, 'Available', 'Mid-size', 'Coquitlam', 'Coquitlam');
insert into vehicle values (36, '000VV', 'Toyota', 'Corolla', 2009, 300, 'Available', 'Mid-size', 'Coquitlam', 'Coquitlam');
insert into vehicle values (37, '555PPP', 'Jeep', 'Gladiator', 2009, 200, 'Available', 'Truck', 'Coquitlam', 'Coquitlam');
insert into vehicle values (38, '666QQQ', 'Jeep', 'Gladiator', 2009, 300, 'Available', 'Truck', 'Coquitlam', 'Coquitlam');
insert into vehicle values (39, '777RRR', 'Toyota', 'Corolla', 2009, 100, 'Available', 'Mid-size', 'Coquitlam', 'Coquitlam');
insert into vehicle values (40, '888ZZZ', 'Toyota', 'Corolla', 2009, 200, 'Available', 'Mid-size', 'Coquitlam', 'Coquitlam');
insert into vehicle values (41, '888TTT', 'Toyota', 'Corolla', 2009, 300, 'Available', 'Mid-size', 'Coquitlam', 'Coquitlam');
insert into vehicle values (42, '777UUU', 'Toyota', 'Corolla', 2009, 100, 'Available', 'Mid-size', 'Coquitlam', 'Coquitlam');
insert into vehicle values (43, '999VVV', 'Toyota', 'Corolla', 2009, 200, 'Available', 'Mid-size', 'Coquitlam', 'Coquitlam');
insert into vehicle values (44, '000WWW', 'Toyota', 'Corolla', 2009, 300, 'Available', 'Mid-size', 'Coquitlam', 'Coquitlam');





insert into reservation values (1, 'Economy', 'GA123456',
                                TO_DATE('01-JAN-2001 08:20:00', 'DD-MM-YYYY HH24:MI:SS'),
                                TO_DATE('01-MAR-2001 16:40:00','DD-MM-YYYY HH24:MI:SS'),
                                TO_DATE('01-JAN-2001 08:20:00', 'DD-MM-YYYY HH24:MI:SS') );
insert into reservation values (2, 'Compact', 'GC222222',
                                TO_DATE('02-APR-2001 10:10:00', 'DD-MM-YYYY HH24:MI:SS'),
                                TO_DATE('02-APR-2001 11:40:00', 'DD-MM-YYYY HH24:MI:SS'),
                                TO_DATE('02-APR-2001 10:10:00', 'DD-MM-YYYY HH24:MI:SS') );
insert into reservation values (3, 'Compact', 'BA112345',
                                TO_DATE('03-APR-2003 00:00:00', 'DD-MM-YYYY HH24:MI:SS'),
                                TO_DATE('31-DEC-2003 23:59:00', 'DD-MM-YYYY HH24:MI:SS'),
                                TO_DATE('03-APR-2003 00:00:00', 'DD-MM-YYYY HH24:MI:SS') );
insert into reservation values (4, 'Mid-size', 'AC123145',
                                TO_DATE('14-AUG-2014 15:00:00', 'DD-MM-YYYY HH24:MI:SS'),
                                TO_DATE('17-AUG-2014 19:30:00', 'DD-MM-YYYY HH24:MI:SS'),
                                TO_DATE('14-AUG-2014 15:00:00', 'DD-MM-YYYY HH24:MI:SS') );
insert into reservation values (5, 'Standard', 'FF111111',
                                TO_DATE('25-MAY-2005 05:00:00', 'DD-MM-YYYY HH24:MI:SS'),
                                TO_DATE('29-JUL-2005 13:00:00', 'DD-MM-YYYY HH24:MI:SS'),
                                TO_DATE('25-MAY-2005 05:00:00', 'DD-MM-YYYY HH24:MI:SS') );
insert into reservation values (6, 'Full-size', 'GG222222',
                                TO_DATE('16-NOV-2003 06:06:00', 'DD-MM-YYYY HH24:MI:SS'),
                                TO_DATE('06-JAN-2004 18:16:00', 'DD-MM-YYYY HH24:MI:SS'),
                                TO_DATE('16-NOV-2003 06:06:00', 'DD-MM-YYYY HH24:MI:SS') );
insert into reservation values (7, 'SUV', 'HH333333',
                                TO_DATE('04-FEB-2004 04:52:00', 'DD-MM-YYYY HH24:MI:SS'),
                                TO_DATE('15-JUN-2003 12:23:00', 'DD-MM-YYYY HH24:MI:SS'),
                                TO_DATE('04-FEB-2004 04:52:00', 'DD-MM-YYYY HH24:MI:SS') );
insert into reservation values (8, 'Standard', 'II444444',
                                TO_DATE('08-AUG-2008 08:48:00', 'DD-MM-YYYY HH24:MI:SS'),
                                TO_DATE('09-SEP-2009 21:39:00', 'DD-MM-YYYY HH24:MI:SS'),
                                TO_DATE('08-AUG-2008 08:48:00', 'DD-MM-YYYY HH24:MI:SS') );
insert into reservation values (9, 'Full-size', 'JJ555555',
                                TO_DATE('09-SEP-2009 21:40:00', 'DD-MM-YYYY HH24:MI:SS'),
                                TO_DATE('09-SEP-2009 22:40:00', 'DD-MM-YYYY HH24:MI:SS'),
                                TO_DATE('09-SEP-2009 21:40:00', 'DD-MM-YYYY HH24:MI:SS') );
insert into reservation values (10, 'Economy', 'GA123456',
                                TO_DATE('02-APR-2001 10:10:00', 'DD-MM-YYYY HH24:MI:SS'),
                                TO_DATE('02-APR-2001 11:40:00', 'DD-MM-YYYY HH24:MI:SS'),
                                TO_DATE('02-APR-2001 10:10:00', 'DD-MM-YYYY HH24:MI:SS') );
insert into reservation values (11, 'Economy', 'GC222222',
                                TO_DATE('02-APR-2001 10:10:00', 'DD-MM-YYYY HH24:MI:SS'),
                                TO_DATE('02-APR-2001 11:40:00', 'DD-MM-YYYY HH24:MI:SS'),
                                TO_DATE('02-APR-2001 10:10:00', 'DD-MM-YYYY HH24:MI:SS') );
INSERT INTO reservation (CONFNO, VTNAME, DLICENSE, FROMDATE, TODATE, RDATE) VALUES (12, 'Economy', 'GA123456', TO_DATE('2001-04-02 10:10:00', 'YYYY-MM-DD HH24:MI:SS'), TO_DATE('2001-04-02 11:40:00', 'YYYY-MM-DD HH24:MI:SS'), TO_DATE('2001-04-02 10:10:00', 'YYYY-MM-DD HH24:MI:SS'));
INSERT INTO reservation (CONFNO, VTNAME, DLICENSE, FROMDATE, TODATE, RDATE) VALUES (13, 'Compact', 'GC222222', TO_DATE('2003-04-03 00:00:00', 'YYYY-MM-DD HH24:MI:SS'), TO_DATE('2003-12-31 23:59:00', 'YYYY-MM-DD HH24:MI:SS'), TO_DATE('2003-04-03 00:00:00', 'YYYY-MM-DD HH24:MI:SS'));
INSERT INTO reservation (CONFNO, VTNAME, DLICENSE, FROMDATE, TODATE, RDATE) VALUES (14, 'Compact', 'BA112345', TO_DATE('2014-08-14 15:00:00', 'YYYY-MM-DD HH24:MI:SS'), TO_DATE('2014-08-17 19:30:00', 'YYYY-MM-DD HH24:MI:SS'), TO_DATE('2014-08-14 15:00:00', 'YYYY-MM-DD HH24:MI:SS'));
INSERT INTO reservation (CONFNO, VTNAME, DLICENSE, FROMDATE, TODATE, RDATE) VALUES (15, 'Mid-size', 'AC123145', TO_DATE('2005-05-25 05:00:00', 'YYYY-MM-DD HH24:MI:SS'), TO_DATE('2005-07-29 13:00:00', 'YYYY-MM-DD HH24:MI:SS'), TO_DATE('2005-05-25 05:00:00', 'YYYY-MM-DD HH24:MI:SS'));
INSERT INTO reservation (CONFNO, VTNAME, DLICENSE, FROMDATE, TODATE, RDATE) VALUES (16, 'Standard', 'FF111111', TO_DATE('2003-11-16 06:06:00', 'YYYY-MM-DD HH24:MI:SS'), TO_DATE('2004-01-06 18:16:00', 'YYYY-MM-DD HH24:MI:SS'), TO_DATE('2003-11-16 06:06:00', 'YYYY-MM-DD HH24:MI:SS'));
INSERT INTO reservation (CONFNO, VTNAME, DLICENSE, FROMDATE, TODATE, RDATE) VALUES (17, 'Full-size', 'GG222222', TO_DATE('2003-06-15 12:23:00', 'YYYY-MM-DD HH24:MI:SS'), TO_DATE('2004-02-04 04:52:00', 'YYYY-MM-DD HH24:MI:SS'), TO_DATE('2003-11-16 06:06:00', 'YYYY-MM-DD HH24:MI:SS'));
INSERT INTO reservation (CONFNO, VTNAME, DLICENSE, FROMDATE, TODATE, RDATE) VALUES (18, 'SUV', 'HH333333', TO_DATE('2008-08-08 08:48:00', 'YYYY-MM-DD HH24:MI:SS'), TO_DATE('2009-09-09 21:39:00', 'YYYY-MM-DD HH24:MI:SS'), TO_DATE('2008-08-08 08:48:00', 'YYYY-MM-DD HH24:MI:SS'));
INSERT INTO reservation (CONFNO, VTNAME, DLICENSE, FROMDATE, TODATE, RDATE) VALUES (19, 'Standard', 'II444444', TO_DATE('2009-09-09 21:40:00', 'YYYY-MM-DD HH24:MI:SS'), TO_DATE('2009-09-09 22:40:00', 'YYYY-MM-DD HH24:MI:SS'), TO_DATE('2009-09-09 21:40:00', 'YYYY-MM-DD HH24:MI:SS'));
INSERT INTO reservation (CONFNO, VTNAME, DLICENSE, FROMDATE, TODATE, RDATE) VALUES (20, 'Full-size', 'JJ555555', TO_DATE('2009-09-09 21:40:00', 'YYYY-MM-DD HH24:MI:SS'), TO_DATE('2009-09-09 22:40:00', 'YYYY-MM-DD HH24:MI:SS'), TO_DATE('2009-09-09 21:40:00', 'YYYY-MM-DD HH24:MI:SS'));


insert into rental values(1, '111AAA' , 'GA123456',
                          TO_DATE('01-JAN-2001 08:20:00','DD-MM-YYYY HH24:MI:SS'), TO_DATE('01-MAR-2001 16:40:00','DD-MM-YYYY HH24:MI:SS'),
                          11115,
                          'Mastercard', 5000123412341234, TO_DATE('01-2020', 'MM-YYYY'),
                          1);
insert into rental values(2, '222BBB' , 'GC222222',
                          TO_DATE('02-APR-2001 10:10:00', 'DD-MM-YYYY HH24:MI:SS'), TO_DATE('02-APR-2001 11:40:00', 'DD-MM-YYYY HH24:MI:SS'),
                          22225,
                          'Mastercard', 5000234523452345, TO_DATE('02-2020', 'MM-YYYY'),
                          2);
insert into rental values(3, '333CCC', 'BA112345',
                          TO_DATE('03-APR-2003 00:00:00', 'DD-MM-YYYY HH24:MI:SS'), TO_DATE('31-DEC-2003 23:59:00', 'DD-MM-YYYY HH24:MI:SS'),
                          33335,
                          'Mastercard', 5000345634563456, TO_DATE('03-2020', 'MM-YYYY'),
                          3);
insert into rental values(4, '444DDD', 'AC123145',
                          TO_DATE('14-AUG-2014 15:00:00', 'DD-MM-YYYY HH24:MI:SS'), TO_DATE('17-AUG-2014 19:30:00', 'DD-MM-YYYY HH24:MI:SS'),
                          44445,
                          'Mastercard', 5000456745674567, TO_DATE('04-2020', 'MM-YYYY'),
                          4);
insert into rental values (5, '555EEE', 'FF111111',
                           TO_DATE('25-MAY-2005 05:00:00', 'DD-MM-YYYY HH24:MI:SS'), TO_DATE('29-JUL-2005 13:00:00', 'DD-MM-YYYY HH24:MI:SS'),
                           55599,
                           'Visa', 4111432143214321, TO_DATE('05-2020', 'MM-YYYY'),
                           5);
insert into rental values (6, '666FFF', 'GG222222',
                           TO_DATE('16-NOV-2003 06:06:00', 'DD-MM-YYYY HH24:MI:SS'), TO_DATE('06-JAN-2004 18:16:00', 'DD-MM-YYYY HH24:MI:SS'),
                           66699,
                           'Visa', 4111543254325432, TO_DATE('06-2020', 'MM-YYYY'),
                           6);
insert into rental values (7, '777GGG', 'HH333333',
                           TO_DATE('04-FEB-2004 04:52:00', 'DD-MM-YYYY HH24:MI:SS'), TO_DATE('15-JUN-2003 12:23:00', 'DD-MM-YYYY HH24:MI:SS'),
                           77799,
                           'Visa', 4111654365436543, TO_DATE('07-2020', 'MM-YYYY'),
                           7);
insert into rental values (8, '888HHH', 'II444444',
                           TO_DATE('08-AUG-2008 08:48:00', 'DD-MM-YYYY HH24:MI:SS'), TO_DATE('09-SEP-2009 21:39:00', 'DD-MM-YYYY HH24:MI:SS'),
                           88899,
                           'Visa', 3222123443211234, TO_DATE('08-2020', 'MM-YYYY'),
                           8);
insert into rental values (9, '999III', 'JJ555555',
                           TO_DATE('09-SEP-2009 21:40:00', 'DD-MM-YYYY HH24:MI:SS'), TO_DATE('09-SEP-2009 22:40:00', 'DD-MM-YYYY HH24:MI:SS'),
                           111111,
                           'Visa', 3222234554322345, TO_DATE('09-2020', 'MM-YYYY'),
                           9);
insert into rental values(10, '000KKK', 'BA112345',
                          TO_DATE('01-JAN-2001 08:20:00','DD-MM-YYYY HH24:MI:SS'), TO_DATE('01-MAR-2001 16:40:00','DD-MM-YYYY HH24:MI:SS'),
                          11115,
                          'Mastercard', 5000345634563456, TO_DATE('03-2020', 'MM-YYYY'),
                          10);

INSERT INTO rental VALUES (11, '222BBB', 'AC123145', TO_DATE('2014-08-14 15:00:00', 'YYYY-MM-DD HH24:MI:SS'), TO_DATE('2014-08-17 19:30:00', 'YYYY-MM-DD HH24:MI:SS'), 22222, 'Visa', 1234321, TO_DATE('2010-10-01 00:00:00', 'YYYY-MM-DD HH24:MI:SS'), 4);
INSERT INTO rental VALUES (12, '888HHH', 'GA123456', TO_DATE('2010-10-10 10:10:00', 'YYYY-MM-DD HH24:MI:SS'), TO_DATE('2010-10-10 10:11:00', 'YYYY-MM-DD HH24:MI:SS'), 88888, 'Visa', 123213213, TO_DATE('2011-11-01 00:00:00', 'YYYY-MM-DD HH24:MI:SS'), null);
INSERT INTO rental VALUES (13, '222BBB', 'GC222222', TO_DATE('2001-01-01 08:20:00', 'YYYY-MM-DD HH24:MI:SS'), TO_DATE('2001-03-01 16:40:00', 'YYYY-MM-DD HH24:MI:SS'), 22225, 'Mastercard', 5000234523452345, TO_DATE('2020-02-01 00:00:00', 'YYYY-MM-DD HH24:MI:SS'), null);
INSERT INTO rental VALUES (14, '333CCC', 'BA112345', TO_DATE('2001-01-01 08:20:00', 'YYYY-MM-DD HH24:MI:SS'), TO_DATE('2001-03-01 16:40:00', 'YYYY-MM-DD HH24:MI:SS'), 33335, 'Mastercard', 5000345634563456, TO_DATE('2020-03-01 00:00:00', 'YYYY-MM-DD HH24:MI:SS'), null);
INSERT INTO rental VALUES (15, '444DDD', 'AC123145', TO_DATE('2001-01-01 08:20:00', 'YYYY-MM-DD HH24:MI:SS'), TO_DATE('2001-03-01 16:40:00', 'YYYY-MM-DD HH24:MI:SS'), 44445, 'Mastercard', 5000456745674567, TO_DATE('2020-04-01 00:00:00', 'YYYY-MM-DD HH24:MI:SS'), null);
INSERT INTO rental VALUES (16, '555EEE', 'FF111111', TO_DATE('2001-01-01 08:20:00', 'YYYY-MM-DD HH24:MI:SS'), TO_DATE('2001-03-01 16:40:00', 'YYYY-MM-DD HH24:MI:SS'), 55599, 'Visa', 4111432143214321, TO_DATE('2020-05-01 00:00:00', 'YYYY-MM-DD HH24:MI:SS'), null);
INSERT INTO rental VALUES (17, '666FFF', 'GG222222', TO_DATE('2001-01-01 08:20:00', 'YYYY-MM-DD HH24:MI:SS'), TO_DATE('2001-03-01 16:40:00', 'YYYY-MM-DD HH24:MI:SS'), 66699, 'Visa', 4111543254325432, TO_DATE('2020-06-01 00:00:00', 'YYYY-MM-DD HH24:MI:SS'), null);
INSERT INTO rental VALUES (18, '777GGG', 'HH333333', TO_DATE('2001-01-01 08:20:00', 'YYYY-MM-DD HH24:MI:SS'), TO_DATE('2001-03-01 16:40:00', 'YYYY-MM-DD HH24:MI:SS'), 77799, 'Visa', 4111654365436543, TO_DATE('2020-07-01 00:00:00', 'YYYY-MM-DD HH24:MI:SS'), null);
INSERT INTO rental VALUES (19, '888HHH', 'II444444', TO_DATE('2001-01-01 08:20:00', 'YYYY-MM-DD HH24:MI:SS'), TO_DATE('2001-03-01 16:40:00', 'YYYY-MM-DD HH24:MI:SS'), 88899, 'Visa', 3222123443211234, TO_DATE('2020-08-01 00:00:00', 'YYYY-MM-DD HH24:MI:SS'), null);
INSERT INTO rental VALUES (20, '999III', 'JJ555555', TO_DATE('2001-01-01 08:20:00', 'YYYY-MM-DD HH24:MI:SS'), TO_DATE('2001-03-01 16:40:00', 'YYYY-MM-DD HH24:MI:SS'), 111111, 'Visa', 3222234554322345, TO_DATE('2020-09-01 00:00:00', 'YYYY-MM-DD HH24:MI:SS'), null);

insert into return values (1,
                           TO_DATE('01-MAR-2001 16:40:00','DD-MM-YYYY HH24:MI:SS'),
                           99999, 1, 41);
insert into return values (2,
                           TO_DATE('02-APR-2001 11:40:00', 'DD-MM-YYYY HH24:MI:SS'),
                           99999, 0, 42);
insert into return values (3,
                           TO_DATE('31-DEC-2003 23:59:00', 'DD-MM-YYYY HH24:MI:SS'),
                           99999, 0, 43);
insert into return values (4,
                           TO_DATE('17-AUG-2014 19:30:00', 'DD-MM-YYYY HH24:MI:SS'),
                           99999, 0, 44);
insert into return values (5,
                           TO_DATE('29-JUL-2005 13:00:00', 'DD-MM-YYYY HH24:MI:SS'),
                           99999, 0, 45);
insert into return values (6,
                           TO_DATE('06-JAN-2004 18:16:00', 'DD-MM-YYYY HH24:MI:SS'),
                           77777, 0, 46);
insert into return values (7,
                           TO_DATE('15-JUN-2003 12:23:00', 'DD-MM-YYYY HH24:MI:SS'),
                           99999, 0, 47);
insert into return values (8,
                           TO_DATE('09-SEP-2009 21:39:00', 'DD-MM-YYYY HH24:MI:SS'),
                           99999, 0, 48);
insert into return values (9,
                           TO_DATE('09-SEP-2009 22:40:00', 'DD-MM-YYYY HH24:MI:SS'),
                           1000000, 0, 49);
insert into return values (10,
                           TO_DATE('01-MAR-2001 16:40:00','DD-MM-YYYY HH24:MI:SS'),
                           14444, 0, 50);
INSERT INTO return VALUES (11, TO_DATE('2014-08-17 19:30:00', 'YYYY-MM-DD HH24:MI:SS'), 99999, 0, 51);
INSERT INTO return VALUES (12, TO_DATE('2010-10-10 10:11:00', 'YYYY-MM-DD HH24:MI:SS'), 99999, 0, 52);
INSERT INTO return VALUES (13, TO_DATE('2001-03-01 16:40:00', 'YYYY-MM-DD HH24:MI:SS'), 99999, 0, 53);
INSERT INTO return VALUES (14, TO_DATE('2001-03-01 16:40:00', 'YYYY-MM-DD HH24:MI:SS'), 99999, 0, 54);
INSERT INTO return VALUES (15, TO_DATE('2001-03-01 16:40:00', 'YYYY-MM-DD HH24:MI:SS'), 99999, 0, 55);
INSERT INTO return VALUES (16, TO_DATE('2001-03-01 16:40:00', 'YYYY-MM-DD HH24:MI:SS'), 99999, 0, 56);
INSERT INTO return VALUES (17, TO_DATE('2001-03-01 16:40:00', 'YYYY-MM-DD HH24:MI:SS'), 99999, 0, 57);
INSERT INTO return VALUES (18, TO_DATE('2001-03-01 16:40:00', 'YYYY-MM-DD HH24:MI:SS'), 99999, 0, 58);
INSERT INTO return VALUES (19, TO_DATE('2001-03-01 16:40:00', 'YYYY-MM-DD HH24:MI:SS'), 99999, 0, 59);
INSERT INTO return VALUES (20, TO_DATE('2001-03-01 16:40:00', 'YYYY-MM-DD HH24:MI:SS'), 222222, 0, 60);
